timestamp,day,slot,batch_id,dispatched_kl15,received_kl15,transit_loss_kl15,temp_c,density_15c
2026-01-01 06:00:00,0,0,B0000,227.432,227.432,0.0,19.14,833.7
2026-01-01 14:00:00,0,1,B0001,255.902,255.902,0.0,26.52,831.36
2026-01-01 22:00:00,0,2,B0002,182.926,182.926,0.0,21.92,833.4
2026-01-02 06:00:00,1,0,B0010,249.68,249.68,0.0,20.53,833.83
2026-01-02 14:00:00,1,1,B0011,268.676,268.676,0.0,28.0,833.92
2026-01-02 22:00:00,1,2,B0012,208.599,208.599,0.0,23.21,836.17
2026-01-03 06:00:00,2,0,B0020,247.104,247.104,0.0,20.83,828.97
2026-01-03 14:00:00,2,1,B0021,178.168,178.168,0.0,27.84,829.19
2026-01-03 22:00:00,2,2,B0022,142.205,142.205,0.0,21.76,831.24
2026-01-04 06:00:00,3,0,B0030,205.676,205.676,0.0,20.35,832.27
2026-01-04 14:00:00,3,1,B0031,320.087,320.087,0.0,27.31,832.64
2026-01-04 22:00:00,3,2,B0032,181.453,181.453,0.0,22.9,833.64
2026-01-05 06:00:00,4,0,B0040,261.221,261.221,0.0,19.38,832.08
2026-01-05 14:00:00,4,1,B0041,326.716,326.716,0.0,27.4,831.92
2026-01-05 22:00:00,4,2,B0042,161.768,161.768,0.0,21.12,829.32
2026-01-06 06:00:00,5,0,B0050,191.341,191.341,0.0,19.64,830.76
2026-01-06 14:00:00,5,1,B0051,318.398,318.398,0.0,26.97,833.81
2026-01-06 22:00:00,5,2,B0052,171.816,171.816,0.0,21.74,832.33
2026-01-07 06:00:00,6,0,B0060,239.99,239.99,0.0,22.72,832.87
2026-01-07 14:00:00,6,1,B0061,303.254,303.254,0.0,26.54,832.79
2026-01-07 22:00:00,6,2,B0062,173.077,173.077,0.0,22.79,831.73
2026-01-08 06:00:00,7,0,B0070,230.939,230.939,0.0,18.86,830.14
2026-01-08 14:00:00,7,1,B0071,261.224,261.224,0.0,26.95,833.03
2026-01-08 22:00:00,7,2,B0072,171.145,171.145,0.0,22.91,829.69
2026-01-09 06:00:00,8,0,B0080,235.636,235.636,0.0,19.35,830.2
2026-01-09 14:00:00,8,1,B0081,303.115,303.115,0.0,26.01,834.15
2026-01-09 22:00:00,8,2,B0082,167.917,167.917,0.0,22.04,833.79
2026-01-10 06:00:00,9,0,B0090,248.305,248.305,0.0,20.29,828.84
2026-01-10 14:00:00,9,1,B0091,227.837,227.837,0.0,27.45,835.05
2026-01-10 22:00:00,9,2,B0092,178.633,178.633,0.0,22.31,831.17
2026-01-11 06:00:00,10,0,B0100,203.131,203.131,0.0,20.68,833.55
2026-01-11 14:00:00,10,1,B0101,286.344,286.344,0.0,27.81,826.06
2026-01-11 22:00:00,10,2,B0102,125.39,125.39,0.0,21.76,828.94
2026-01-12 06:00:00,11,0,B0110,186.795,186.795,0.0,19.67,834.73
2026-01-12 14:00:00,11,1,B0111,298.804,298.804,0.0,25.84,829.2
2026-01-12 22:00:00,11,2,B0112,185.214,185.214,0.0,23.2,830.29
2026-01-13 06:00:00,12,0,B0120,250.119,250.119,0.0,20.38,831.0
2026-01-13 14:00:00,12,1,B0121,304.738,304.738,0.0,25.35,833.22
2026-01-13 22:00:00,12,2,B0122,152.319,152.319,0.0,21.44,831.81
2026-01-14 06:00:00,13,0,B0130,294.549,294.549,0.0,18.84,829.07
2026-01-14 14:00:00,13,1,B0131,323.914,323.914,0.0,27.47,835.54
2026-01-14 22:00:00,13,2,B0132,167.667,167.667,0.0,20.52,835.72
2026-01-15 06:00:00,14,0,B0140,206.714,206.714,0.0,20.68,836.04
2026-01-15 14:00:00,14,1,B0141,319.466,319.466,0.0,26.62,834.27
2026-01-15 22:00:00,14,2,B0142,162.685,162.685,0.0,22.23,833.52
2026-01-16 06:00:00,15,0,B0150,226.625,226.625,0.0,20.49,833.88
2026-01-16 14:00:00,15,1,B0151,338.118,338.118,0.0,25.09,832.99
2026-01-16 22:00:00,15,2,B0152,130.682,130.682,0.0,21.15,833.06
2026-01-17 06:00:00,16,0,B0160,224.979,224.979,0.0,19.37,830.77
2026-01-17 14:00:00,16,1,B0161,219.634,219.634,0.0,27.29,832.74
2026-01-17 22:00:00,16,2,B0162,169.217,169.217,0.0,23.03,830.79
2026-01-18 06:00:00,17,0,B0170,263.44,263.44,0.0,20.81,833.86
2026-01-18 14:00:00,17,1,B0171,247.396,247.396,0.0,26.89,834.04
2026-01-18 22:00:00,17,2,B0172,168.937,168.937,0.0,22.21,831.99
2026-01-19 06:00:00,18,0,B0180,201.841,201.841,0.0,20.01,831.8
2026-01-19 14:00:00,18,1,B0181,264.685,264.685,0.0,26.54,829.28
2026-01-19 22:00:00,18,2,B0182,158.343,158.343,0.0,21.08,833.46
2026-01-20 06:00:00,19,0,B0190,209.438,209.438,0.0,20.06,835.0
2026-01-20 14:00:00,19,1,B0191,236.583,236.583,0.0,24.61,832.65
2026-01-20 22:00:00,19,2,B0192,177.545,177.545,0.0,21.96,832.34
2026-01-21 06:00:00,20,0,B0200,231.444,231.444,0.0,18.99,829.58
2026-01-21 14:00:00,20,1,B0201,364.686,364.686,0.0,26.81,830.1
2026-01-21 22:00:00,20,2,B0202,175.771,175.771,0.0,21.32,833.6
2026-01-22 06:00:00,21,0,B0210,194.338,194.338,0.0,20.35,830.85
2026-01-22 14:00:00,21,1,B0211,290.377,290.377,0.0,27.24,830.74
2026-01-22 22:00:00,21,2,B0212,213.376,213.376,0.0,21.98,831.98
2026-01-23 06:00:00,22,0,B0220,191.156,191.156,0.0,20.5,830.27
2026-01-23 14:00:00,22,1,B0221,297.211,297.211,0.0,26.92,833.2
2026-01-23 22:00:00,22,2,B0222,153.138,153.138,0.0,22.8,831.95
2026-01-24 06:00:00,23,0,B0230,232.853,232.853,0.0,20.22,830.56
2026-01-24 14:00:00,23,1,B0231,270.295,270.295,0.0,25.66,826.78
2026-01-24 22:00:00,23,2,B0232,155.971,155.971,0.0,22.43,827.5
2026-01-25 06:00:00,24,0,B0240,228.335,228.335,0.0,21.08,830.88
2026-01-25 14:00:00,24,1,B0241,274.398,274.398,0.0,25.87,828.39
2026-01-25 22:00:00,24,2,B0242,183.421,183.421,0.0,22.43,833.39
2026-01-26 06:00:00,25,0,B0250,251.053,251.053,0.0,21.37,829.77
2026-01-26 14:00:00,25,1,B0251,258.909,258.909,0.0,27.35,832.28
2026-01-26 22:00:00,25,2,B0252,192.513,192.513,0.0,23.82,833.01
2026-01-27 06:00:00,26,0,B0260,217.599,217.599,0.0,20.57,828.63
2026-01-27 14:00:00,26,1,B0261,269.231,269.231,0.0,26.47,829.63
2026-01-27 22:00:00,26,2,B0262,198.618,198.618,0.0,23.03,829.22
2026-01-28 06:00:00,27,0,B0270,294.195,294.195,0.0,20.54,834.26
2026-01-28 14:00:00,27,1,B0271,275.09,275.09,0.0,26.79,834.65
2026-01-28 22:00:00,27,2,B0272,189.824,189.824,0.0,21.23,834.76
2026-01-29 06:00:00,28,0,B0280,224.579,224.579,0.0,21.79,836.63
2026-01-29 14:00:00,28,1,B0281,312.301,312.301,0.0,27.87,829.8
2026-01-29 22:00:00,28,2,B0282,185.279,185.279,0.0,20.35,833.26
2026-01-30 06:00:00,29,0,B0290,223.213,223.213,0.0,20.62,832.85
2026-01-30 14:00:00,29,1,B0291,245.058,245.058,0.0,27.62,832.49
2026-01-30 22:00:00,29,2,B0292,170.798,170.798,0.0,22.59,834.94
2026-01-31 06:00:00,30,0,B0300,269.635,269.635,0.0,20.94,833.68
2026-01-31 14:00:00,30,1,B0301,344.782,344.782,0.0,27.33,831.31
2026-01-31 22:00:00,30,2,B0302,152.81,152.81,0.0,21.28,831.73
2026-02-01 06:00:00,31,0,B0310,217.721,217.721,0.0,19.9,833.75
2026-02-01 14:00:00,31,1,B0311,306.454,306.454,0.0,28.09,832.77
2026-02-01 22:00:00,31,2,B0312,176.842,176.842,0.0,21.23,833.1
2026-02-02 06:00:00,32,0,B0320,237.074,237.074,0.0,20.57,831.38
2026-02-02 14:00:00,32,1,B0321,366.519,366.519,0.0,27.36,832.17
2026-02-02 22:00:00,32,2,B0322,115.923,115.923,0.0,22.54,830.78
2026-02-03 06:00:00,33,0,B0330,277.111,277.111,0.0,21.52,829.58
2026-02-03 14:00:00,33,1,B0331,356.842,356.842,0.0,26.63,830.69
2026-02-03 22:00:00,33,2,B0332,186.186,186.186,0.0,24.1,833.55
2026-02-04 06:00:00,34,0,B0340,268.039,268.039,0.0,19.27,831.21
2026-02-04 14:00:00,34,1,B0341,312.976,312.976,0.0,27.42,831.48
2026-02-04 22:00:00,34,2,B0342,165.767,165.767,0.0,22.87,830.07
2026-02-05 06:00:00,35,0,B0350,238.821,238.821,0.0,21.05,831.2
2026-02-05 14:00:00,35,1,B0351,316.239,316.239,0.0,28.1,829.8
2026-02-05 22:00:00,35,2,B0352,160.938,160.938,0.0,24.31,832.38
2026-02-06 06:00:00,36,0,B0360,214.997,214.997,0.0,22.35,836.69
2026-02-06 14:00:00,36,1,B0361,247.069,247.069,0.0,27.64,833.54
2026-02-06 22:00:00,36,2,B0362,193.437,193.437,0.0,22.73,827.42
2026-02-07 06:00:00,37,0,B0370,268.478,268.478,0.0,22.78,833.43
2026-02-07 14:00:00,37,1,B0371,299.587,299.587,0.0,27.31,835.68
2026-02-07 22:00:00,37,2,B0372,185.066,185.066,0.0,22.3,831.4
2026-02-08 06:00:00,38,0,B0380,237.47,237.47,0.0,19.61,831.72
2026-02-08 14:00:00,38,1,B0381,281.685,281.685,0.0,28.22,830.36
2026-02-08 22:00:00,38,2,B0382,217.949,217.949,0.0,22.14,834.09
2026-02-09 06:00:00,39,0,B0390,211.285,211.285,0.0,21.46,831.14
2026-02-09 14:00:00,39,1,B0391,301.316,301.316,0.0,25.95,838.28
2026-02-09 22:00:00,39,2,B0392,147.356,147.356,0.0,21.37,834.73
2026-02-10 06:00:00,40,0,B0400,248.862,248.862,0.0,19.72,832.54
2026-02-10 14:00:00,40,1,B0401,278.896,278.896,0.0,27.39,837.6
2026-02-10 22:00:00,40,2,B0402,166.44,166.44,0.0,23.21,830.04
2026-02-11 06:00:00,41,0,B0410,253.964,253.964,0.0,21.29,834.29
2026-02-11 14:00:00,41,1,B0411,238.683,238.683,0.0,27.31,832.64
2026-02-11 22:00:00,41,2,B0412,170.096,170.096,0.0,21.57,832.58
2026-02-12 06:00:00,42,0,B0420,275.487,275.487,0.0,21.02,831.38
2026-02-12 14:00:00,42,1,B0421,279.407,279.407,0.0,27.56,833.03
2026-02-12 22:00:00,42,2,B0422,193.021,193.021,0.0,22.46,832.63
2026-02-13 06:00:00,43,0,B0430,248.774,248.774,0.0,22.4,829.38
2026-02-13 14:00:00,43,1,B0431,308.998,308.998,0.0,27.62,833.03
2026-02-13 22:00:00,43,2,B0432,141.598,141.598,0.0,23.48,831.38
2026-02-14 06:00:00,44,0,B0440,211.241,211.241,0.0,21.07,829.55
2026-02-14 14:00:00,44,1,B0441,289.422,289.422,0.0,28.21,833.74
2026-02-14 22:00:00,44,2,B0442,159.23,159.23,0.0,22.6,837.37
2026-02-15 06:00:00,45,0,B0450,237.534,237.534,0.0,20.56,831.63
2026-02-15 14:00:00,45,1,B0451,316.035,316.035,0.0,28.42,825.07
2026-02-15 22:00:00,45,2,B0452,174.085,174.085,0.0,23.83,831.96
2026-02-16 06:00:00,46,0,B0460,199.914,199.914,0.0001,20.38,826.2
2026-02-16 14:00:00,46,1,B0461,299.455,299.455,0.0001,27.26,832.35
2026-02-16 22:00:00,46,2,B0462,137.301,137.301,0.0,22.71,830.96
2026-02-17 06:00:00,47,0,B0470,242.64,242.64,0.0003,20.1,830.91
2026-02-17 14:00:00,47,1,B0471,295.482,295.482,0.0003,28.86,829.59
2026-02-17 22:00:00,47,2,B0472,180.159,180.158,0.0002,23.0,833.33
2026-02-18 06:00:00,48,0,B0480,209.849,209.848,0.0006,21.01,834.67
2026-02-18 14:00:00,48,1,B0481,279.944,279.943,0.0008,27.74,831.56
2026-02-18 22:00:00,48,2,B0482,168.213,168.213,0.0004,23.81,830.0
2026-02-19 06:00:00,49,0,B0490,233.694,233.692,0.0011,21.51,831.91
2026-02-19 14:00:00,49,1,B0491,302.743,302.742,0.0013,29.01,834.28
2026-02-19 22:00:00,49,2,B0492,142.355,142.354,0.0008,24.82,832.16
2026-02-20 06:00:00,50,0,B0500,265.685,265.683,0.0017,22.1,835.79
2026-02-20 14:00:00,50,1,B0501,312.01,312.008,0.0021,30.15,826.77
2026-02-20 22:00:00,50,2,B0502,161.416,161.415,0.0012,23.63,838.17
2026-02-21 06:00:00,51,0,B0510,247.534,247.531,0.0024,22.24,829.96
2026-02-21 14:00:00,51,1,B0511,255.135,255.132,0.003,27.21,834.47
2026-02-21 22:00:00,51,2,B0512,167.132,167.13,0.0017,21.37,834.83
2026-02-22 06:00:00,52,0,B0520,226.544,226.54,0.0033,20.66,831.03
2026-02-22 14:00:00,52,1,B0521,312.475,312.471,0.0041,29.62,834.34
2026-02-22 22:00:00,52,2,B0522,131.234,131.232,0.0024,24.09,832.17
2026-02-23 06:00:00,53,0,B0530,281.968,281.963,0.0044,22.64,837.34
2026-02-23 14:00:00,53,1,B0531,342.076,342.07,0.0054,28.55,830.58
2026-02-23 22:00:00,53,2,B0532,160.006,160.003,0.0031,23.8,833.69
2026-02-24 06:00:00,54,0,B0540,202.711,202.705,0.0055,21.32,833.35
2026-02-24 14:00:00,54,1,B0541,261.646,261.64,0.0068,27.8,831.91
2026-02-24 22:00:00,54,2,B0542,168.063,168.059,0.0039,23.19,833.77
2026-02-25 06:00:00,55,0,B0550,248.314,248.308,0.0068,21.44,828.82
2026-02-25 14:00:00,55,1,B0551,234.789,234.78,0.0084,28.63,831.82
2026-02-25 22:00:00,55,2,B0552,190.925,190.92,0.0048,22.74,832.9
2026-02-26 06:00:00,56,0,B0560,242.694,242.686,0.0082,22.07,835.24
2026-02-26 14:00:00,56,1,B0561,291.978,291.967,0.0102,27.03,833.33
2026-02-26 22:00:00,56,2,B0562,162.695,162.689,0.0058,23.76,833.32
2026-02-27 06:00:00,57,0,B0570,247.066,247.056,0.0098,21.53,831.99
2026-02-27 14:00:00,57,1,B0571,294.678,294.666,0.0121,27.51,836.25
2026-02-27 22:00:00,57,2,B0572,184.743,184.736,0.0069,22.59,833.44
2026-02-28 06:00:00,58,0,B0580,291.563,291.551,0.0115,21.31,828.83
2026-02-28 14:00:00,58,1,B0581,307.133,307.119,0.0142,29.16,829.87
2026-02-28 22:00:00,58,2,B0582,177.011,177.003,0.0081,23.89,831.55
2026-03-01 06:00:00,59,0,B0590,197.25,197.237,0.0133,20.14,835.3
2026-03-01 14:00:00,59,1,B0591,305.165,305.149,0.0165,27.98,832.94
2026-03-01 22:00:00,59,2,B0592,202.321,202.311,0.0094,23.16,830.6
2026-03-02 06:00:00,60,0,B0600,269.028,269.012,0.0153,22.27,831.64
2026-03-02 14:00:00,60,1,B0601,328.52,328.501,0.0189,29.9,829.85
2026-03-02 22:00:00,60,2,B0602,147.355,147.344,0.0108,24.79,831.99
2026-03-03 06:00:00,61,0,B0610,243.045,243.027,0.0174,22.18,830.64
2026-03-03 14:00:00,61,1,B0611,220.245,220.224,0.0215,29.42,833.61
2026-03-03 22:00:00,61,2,B0612,189.064,189.052,0.0123,24.6,834.16
2026-03-04 06:00:00,62,0,B0620,291.999,291.571,0.4277,21.27,833.93
2026-03-04 14:00:00,62,1,B0621,319.698,319.169,0.5283,30.91,830.58
2026-03-04 22:00:00,62,2,B0622,143.951,143.649,0.3019,23.96,836.37
2026-03-05 06:00:00,63,0,B0630,207.453,207.023,0.43,23.14,828.53
2026-03-05 14:00:00,63,1,B0631,266.2,265.669,0.5312,29.84,829.63
2026-03-05 22:00:00,63,2,B0632,178.334,178.03,0.3036,24.41,830.99
2026-03-06 06:00:00,64,0,B0640,246.433,246.001,0.4325,21.71,833.78
2026-03-06 14:00:00,64,1,B0641,323.925,323.391,0.5343,30.48,829.29
2026-03-06 22:00:00,64,2,B0642,191.599,191.294,0.3053,24.04,832.51
2026-03-07 06:00:00,65,0,B0650,204.459,204.024,0.4352,20.88,830.09
2026-03-07 14:00:00,65,1,B0651,266.672,266.135,0.5376,28.53,834.02
2026-03-07 22:00:00,65,2,B0652,179.736,179.429,0.3072,23.98,826.04
2026-03-08 06:00:00,66,0,B0660,253.381,252.943,0.438,22.69,829.89
2026-03-08 14:00:00,66,1,B0661,264.081,263.54,0.541,28.45,831.87
2026-03-08 22:00:00,66,2,B0662,181.878,181.569,0.3092,25.58,832.8
2026-03-09 06:00:00,67,0,B0670,240.761,240.32,0.4409,22.69,830.09
2026-03-09 14:00:00,67,1,B0671,287.266,286.721,0.5447,29.07,833.14
2026-03-09 22:00:00,67,2,B0672,177.249,176.938,0.3112,24.38,832.37
2026-03-10 06:00:00,68,0,B0680,218.466,218.022,0.444,23.73,832.76
2026-03-10 14:00:00,68,1,B0681,311.762,311.213,0.5484,26.95,833.27
2026-03-10 22:00:00,68,2,B0682,199.224,198.91,0.3134,23.8,833.54
2026-03-11 06:00:00,69,0,B0690,212.558,212.111,0.4472,22.82,836.63
2026-03-11 14:00:00,69,1,B0691,227.1,226.548,0.5524,28.29,834.2
2026-03-11 22:00:00,69,2,B0692,139.081,138.766,0.3156,24.17,835.32
2026-03-12 06:00:00,70,0,B0700,187.762,187.312,0.4505,22.3,833.17
2026-03-12 14:00:00,70,1,B0701,246.531,245.975,0.5565,28.95,830.31
2026-03-12 22:00:00,70,2,B0702,164.506,164.188,0.318,24.56,829.9
2026-03-13 06:00:00,71,0,B0710,253.244,252.79,0.454,22.86,834.17
2026-03-13 14:00:00,71,1,B0711,294.212,293.651,0.5608,30.0,835.76
2026-03-13 22:00:00,71,2,B0712,161.905,161.585,0.3204,25.35,833.06
2026-03-14 06:00:00,72,0,B0720,224.525,224.068,0.4576,23.53,828.59
2026-03-14 14:00:00,72,1,B0721,253.429,252.864,0.5652,30.51,829.85
2026-03-14 22:00:00,72,2,B0722,198.717,198.394,0.323,23.86,834.04
2026-03-15 06:00:00,73,0,B0730,260.883,260.421,0.4613,23.04,829.2
2026-03-15 14:00:00,73,1,B0731,319.179,318.609,0.5699,29.18,836.16
2026-03-15 22:00:00,73,2,B0732,164.484,164.159,0.3256,24.28,829.22
2026-03-16 06:00:00,74,0,B0740,212.853,212.388,0.4652,21.53,836.15
2026-03-16 14:00:00,74,1,B0741,327.802,327.227,0.5746,29.41,831.63
2026-03-16 22:00:00,74,2,B0742,169.806,169.477,0.3284,24.8,828.32
2026-03-17 06:00:00,75,0,B0750,160.115,159.646,0.4692,21.79,833.97
2026-03-17 14:00:00,75,1,B0751,314.549,313.969,0.5796,29.51,829.59
2026-03-17 22:00:00,75,2,B0752,177.131,176.8,0.3312,24.58,834.46
2026-03-18 06:00:00,76,0,B0760,221.192,220.718,0.4733,23.3,832.3
2026-03-18 14:00:00,76,1,B0761,320.811,320.226,0.5847,29.7,832.37
2026-03-18 22:00:00,76,2,B0762,152.847,152.513,0.3341,25.92,836.16
2026-03-19 06:00:00,77,0,B0770,264.341,263.863,0.4776,23.03,833.79
2026-03-19 14:00:00,77,1,B0771,327.943,327.353,0.59,30.39,836.06
2026-03-19 22:00:00,77,2,B0772,208.174,207.837,0.3372,25.31,831.1
2026-03-20 06:00:00,78,0,B0780,193.643,193.161,0.4821,23.06,830.99
2026-03-20 14:00:00,78,1,B0781,309.897,309.302,0.5955,30.79,833.95
2026-03-20 22:00:00,78,2,B0782,174.625,174.285,0.3403,26.71,833.65
2026-03-21 06:00:00,79,0,B0790,197.208,196.721,0.4866,24.19,835.0
2026-03-21 14:00:00,79,1,B0791,233.425,232.824,0.6011,29.48,834.73
2026-03-21 22:00:00,79,2,B0792,178.837,178.493,0.3435,25.64,833.76
2026-03-22 06:00:00,80,0,B0800,256.677,256.185,0.4913,24.53,837.77
2026-03-22 14:00:00,80,1,B0801,285.841,285.234,0.6069,31.19,833.0
2026-03-22 22:00:00,80,2,B0802,173.109,172.762,0.3468,23.49,832.29
2026-03-23 06:00:00,81,0,B0810,241.32,240.823,0.4961,22.98,829.36
2026-03-23 14:00:00,81,1,B0811,293.533,292.92,0.6129,30.16,828.5
2026-03-23 22:00:00,81,2,B0812,169.273,168.923,0.3502,26.5,830.29
2026-03-24 06:00:00,82,0,B0820,309.04,308.539,0.5011,23.47,833.15
2026-03-24 14:00:00,82,1,B0821,258.819,258.2,0.619,29.7,828.52
2026-03-24 22:00:00,82,2,B0822,182.374,182.02,0.3537,24.55,830.77
2026-03-25 06:00:00,83,0,B0830,253.318,252.812,0.5062,24.3,835.26
2026-03-25 14:00:00,83,1,B0831,287.243,286.618,0.6253,30.48,830.34
2026-03-25 22:00:00,83,2,B0832,167.124,166.767,0.3573,24.59,834.22
2026-03-26 06:00:00,84,0,B0840,252.87,252.358,0.5114,24.28,829.98
2026-03-26 14:00:00,84,1,B0841,314.679,314.047,0.6318,30.06,829.57
2026-03-26 22:00:00,84,2,B0842,195.857,195.496,0.361,25.98,832.99
2026-03-27 06:00:00,85,0,B0850,215.292,214.775,0.5168,24.32,835.11
2026-03-27 14:00:00,85,1,B0851,305.374,304.736,0.6384,30.03,831.24
2026-03-27 22:00:00,85,2,B0852,164.857,164.492,0.3648,26.89,834.45
2026-03-28 06:00:00,86,0,B0860,230.812,230.29,0.5223,25.13,834.04
2026-03-28 14:00:00,86,1,B0861,369.965,369.32,0.6452,31.51,833.12
2026-03-28 22:00:00,86,2,B0862,157.284,156.915,0.3687,25.98,829.01
2026-03-29 06:00:00,87,0,B0870,255.0,254.472,0.528,24.51,830.96
2026-03-29 14:00:00,87,1,B0871,272.743,272.091,0.6522,32.65,833.56
2026-03-29 22:00:00,87,2,B0872,193.045,192.672,0.3727,25.61,827.85
2026-03-30 06:00:00,88,0,B0880,241.431,240.897,0.5337,22.71,836.25
2026-03-30 14:00:00,88,1,B0881,274.164,273.504,0.6593,30.3,834.6
2026-03-30 22:00:00,88,2,B0882,135.863,135.486,0.3768,26.49,832.11
2026-03-31 06:00:00,89,0,B0890,231.461,230.921,0.5396,24.54,831.22
2026-03-31 14:00:00,89,1,B0891,315.728,315.061,0.6666,31.14,835.21
2026-03-31 22:00:00,89,2,B0892,203.803,203.422,0.3809,27.49,840.03
2026-04-01 06:00:00,90,0,B0900,234.139,233.593,0.5457,23.87,828.0
2026-04-01 14:00:00,90,1,B0901,286.899,286.225,0.6741,31.71,833.0
2026-04-01 22:00:00,90,2,B0902,166.945,166.559,0.3852,26.5,833.75
2026-04-02 06:00:00,91,0,B0910,187.883,187.331,0.5519,26.09,833.59
2026-04-02 14:00:00,91,1,B0911,246.845,246.163,0.6817,29.58,832.16
2026-04-02 22:00:00,91,2,B0912,152.274,151.885,0.3896,26.36,834.4
2026-04-03 06:00:00,92,0,B0920,233.762,233.204,0.5582,24.16,830.92
2026-04-03 14:00:00,92,1,B0921,292.725,292.036,0.6896,31.45,832.01
2026-04-03 22:00:00,92,2,B0922,190.867,190.473,0.394,26.32,836.67
2026-04-04 06:00:00,93,0,B0930,251.447,250.883,0.5647,23.02,831.05
2026-04-04 14:00:00,93,1,B0931,278.18,277.482,0.6975,30.08,832.31
2026-04-04 22:00:00,93,2,B0932,174.54,174.142,0.3986,26.31,831.63
2026-04-05 06:00:00,94,0,B0940,224.13,223.559,0.5713,24.39,834.2
2026-04-05 14:00:00,94,1,B0941,232.741,232.035,0.7057,32.38,831.24
2026-04-05 22:00:00,94,2,B0942,155.183,154.78,0.4032,26.33,835.63
2026-04-06 06:00:00,95,0,B0950,230.847,230.269,0.578,22.45,832.61
2026-04-06 14:00:00,95,1,B0951,300.031,299.317,0.714,31.14,835.09
2026-04-06 22:00:00,95,2,B0952,140.098,139.69,0.408,26.99,835.27
2026-04-07 06:00:00,96,0,B0960,279.971,279.386,0.5849,24.8,831.35
2026-04-07 14:00:00,96,1,B0961,304.96,304.238,0.7225,30.77,832.51
2026-04-07 22:00:00,96,2,B0962,150.468,150.055,0.4128,27.91,835.78
2026-04-08 06:00:00,97,0,B0970,250.548,249.956,0.5919,26.61,836.37
2026-04-08 14:00:00,97,1,B0971,297.314,296.583,0.7311,32.34,830.99
2026-04-08 22:00:00,97,2,B0972,168.474,168.056,0.4178,26.62,832.9
2026-04-09 06:00:00,98,0,B0980,242.714,242.115,0.599,25.95,835.88
2026-04-09 14:00:00,98,1,B0981,254.908,254.168,0.74,30.23,829.25
2026-04-09 22:00:00,98,2,B0982,169.075,168.652,0.4228,26.73,831.64
2026-04-10 06:00:00,99,0,B0990,238.583,237.977,0.6063,24.84,837.25
2026-04-10 14:00:00,99,1,B0991,332.694,331.945,0.7489,32.44,831.92
2026-04-10 22:00:00,99,2,B0992,198.323,197.895,0.428,27.88,829.26
2026-04-11 06:00:00,100,0,B1000,244.636,244.023,0.6137,23.74,834.03
2026-04-11 14:00:00,100,1,B1001,290.086,289.328,0.7581,31.83,827.16
2026-04-11 22:00:00,100,2,B1002,147.436,147.002,0.4332,26.91,832.83
2026-04-12 06:00:00,101,0,B1010,260.941,260.32,0.6212,25.0,827.78
2026-04-12 14:00:00,101,1,B1011,315.447,314.68,0.7674,31.65,831.22
2026-04-12 22:00:00,101,2,B1012,185.454,185.016,0.4385,27.57,829.27
2026-04-13 06:00:00,102,0,B1020,168.702,168.073,0.6289,26.17,833.26
2026-04-13 14:00:00,102,1,B1021,319.511,318.734,0.7769,32.55,832.13
2026-04-13 22:00:00,102,2,B1022,144.815,144.371,0.444,26.29,829.31
2026-04-14 06:00:00,103,0,B1030,301.282,300.645,0.6368,25.4,831.1
2026-04-14 14:00:00,103,1,B1031,276.162,275.375,0.7866,31.63,828.4
2026-04-14 22:00:00,103,2,B1032,169.391,168.942,0.4495,26.49,836.26
2026-04-15 06:00:00,104,0,B1040,238.626,237.981,0.6447,24.81,832.95
2026-04-15 14:00:00,104,1,B1041,362.827,362.031,0.7964,32.48,834.65
2026-04-15 22:00:00,104,2,B1042,139.168,138.713,0.4551,26.88,833.49
2026-04-16 06:00:00,105,0,B1050,182.947,182.294,0.6528,25.15,831.59
2026-04-16 14:00:00,105,1,B1051,315.87,315.064,0.8064,32.23,833.39
2026-04-16 22:00:00,105,2,B1052,194.242,193.782,0.4608,26.61,836.99
2026-04-17 06:00:00,106,0,B1060,246.112,245.451,0.661,26.31,832.81
2026-04-17 14:00:00,106,1,B1061,360.339,359.523,0.8166,32.58,831.59
2026-04-17 22:00:00,106,2,B1062,154.85,154.384,0.4666,27.01,832.85
2026-04-18 06:00:00,107,0,B1070,190.565,189.895,0.6694,24.78,836.46
2026-04-18 14:00:00,107,1,B1071,290.505,289.678,0.8269,33.7,830.83
2026-04-18 22:00:00,107,2,B1072,129.863,129.391,0.4725,27.38,832.35
2026-04-19 06:00:00,108,0,B1080,270.837,270.159,0.6779,26.4,833.94
2026-04-19 14:00:00,108,1,B1081,307.576,306.738,0.8374,31.98,831.77
2026-04-19 22:00:00,108,2,B1082,144.628,144.15,0.4785,28.03,835.21
2026-04-20 06:00:00,109,0,B1090,266.575,265.888,0.6865,26.41,833.23
2026-04-20 14:00:00,109,1,B1091,334.508,333.66,0.8481,32.37,824.35
2026-04-20 22:00:00,109,2,B1092,167.174,166.689,0.4846,27.51,831.06
2026-04-21 06:00:00,110,0,B1100,251.182,250.487,0.6953,24.95,833.1
2026-04-21 14:00:00,110,1,B1101,313.811,312.952,0.8589,31.4,835.7
2026-04-21 22:00:00,110,2,B1102,188.534,188.043,0.4908,28.89,832.38
2026-04-22 06:00:00,111,0,B1110,229.831,229.127,0.7042,25.73,834.11
2026-04-22 14:00:00,111,1,B1111,338.126,337.256,0.8699,34.25,833.86
2026-04-22 22:00:00,111,2,B1112,148.573,148.076,0.4971,28.3,833.44
2026-04-23 06:00:00,112,0,B1120,235.778,235.065,0.7133,25.64,829.45
2026-04-23 14:00:00,112,1,B1121,259.627,258.746,0.8811,33.24,833.07
2026-04-23 22:00:00,112,2,B1122,210.882,210.379,0.5035,28.22,835.65
2026-04-24 06:00:00,113,0,B1130,276.368,275.645,0.7224,26.87,835.19
2026-04-24 14:00:00,113,1,B1131,346.853,345.96,0.8924,32.84,831.84
2026-04-24 22:00:00,113,2,B1132,166.158,165.648,0.51,28.78,834.1
2026-04-25 06:00:00,114,0,B1140,260.887,260.156,0.7317,27.87,827.27
2026-04-25 14:00:00,114,1,B1141,250.483,249.579,0.9039,32.77,829.81
2026-04-25 22:00:00,114,2,B1142,182.297,181.781,0.5165,29.29,833.35
2026-04-26 06:00:00,115,0,B1150,222.712,221.97,0.7412,25.56,829.88
2026-04-26 14:00:00,115,1,B1151,282.169,281.253,0.9156,33.03,832.75
2026-04-26 22:00:00,115,2,B1152,144.724,144.2,0.5232,29.71,834.36
2026-04-27 06:00:00,116,0,B1160,282.073,281.323,0.7508,27.18,832.86
2026-04-27 14:00:00,116,1,B1161,277.681,276.753,0.9274,33.84,829.92
2026-04-27 22:00:00,116,2,B1162,166.594,166.064,0.53,29.7,830.95
2026-04-28 06:00:00,117,0,B1170,247.306,246.545,0.7605,28.27,832.89
2026-04-28 14:00:00,117,1,B1171,367.154,366.215,0.9395,33.04,833.72
2026-04-28 22:00:00,117,2,B1172,141.906,141.37,0.5368,28.89,829.41
2026-04-29 06:00:00,118,0,B1180,297.323,293.455,3.8676,27.16,831.92
2026-04-29 14:00:00,118,1,B1181,329.964,329.012,0.9516,34.36,832.68
2026-04-29 22:00:00,118,2,B1182,188.475,187.931,0.5438,28.14,832.88
2026-04-30 06:00:00,119,0,B1190,230.121,229.341,0.7804,28.03,834.22
2026-04-30 14:00:00,119,1,B1191,336.879,335.915,0.964,33.47,836.5
2026-04-30 22:00:00,119,2,B1192,117.754,117.203,0.5508,28.8,831.38
2026-05-01 06:00:00,120,0,B1200,255.473,254.682,0.7905,27.87,828.05
2026-05-01 14:00:00,120,1,B1201,264.114,263.138,0.9765,33.35,829.63
2026-05-01 22:00:00,120,2,B1202,199.638,196.175,3.4636,29.19,830.78
2026-05-02 06:00:00,121,0,B1210,221.678,220.877,0.8008,27.67,833.52
2026-05-02 14:00:00,121,1,B1211,324.766,323.776,0.9892,34.35,832.66
2026-05-02 22:00:00,121,2,B1212,152.524,148.959,3.5646,26.67,832.64
2026-05-03 06:00:00,122,0,B1220,214.639,213.828,0.8112,27.05,834.23
2026-05-03 14:00:00,122,1,B1221,278.166,277.164,1.002,34.64,835.27
2026-05-03 22:00:00,122,2,B1222,175.948,175.376,0.5726,28.79,831.78
2026-05-04 06:00:00,123,0,B1230,273.648,272.826,0.8217,26.78,834.06
2026-05-04 14:00:00,123,1,B1231,352.294,351.279,1.0151,32.97,832.35
2026-05-04 22:00:00,123,2,B1232,98.023,97.443,0.58,30.31,829.02
2026-05-05 06:00:00,124,0,B1240,171.836,171.004,0.8324,27.98,831.47
2026-05-05 14:00:00,124,1,B1241,275.253,274.225,1.0282,33.13,828.04
2026-05-05 22:00:00,124,2,B1242,187.844,187.256,0.5876,29.07,834.64
2026-05-06 06:00:00,125,0,B1250,215.689,214.845,0.8432,26.86,835.46
2026-05-06 14:00:00,125,1,B1251,243.106,242.064,1.0416,33.18,827.74
2026-05-06 22:00:00,125,2,B1252,177.805,177.21,0.5952,29.36,833.32
2026-05-07 06:00:00,126,0,B1260,260.123,259.269,0.8541,27.5,825.91
2026-05-07 14:00:00,126,1,B1261,258.092,257.037,1.0551,33.96,836.82
2026-05-07 22:00:00,126,2,B1262,148.16,147.557,0.6029,29.06,828.07
2026-05-08 06:00:00,127,0,B1270,212.842,211.977,0.8652,26.89,834.97
2026-05-08 14:00:00,127,1,B1271,291.695,288.257,3.4381,34.41,833.57
2026-05-08 22:00:00,127,2,B1272,167.088,166.477,0.6108,30.35,835.65
2026-05-09 06:00:00,128,0,B1280,182.358,181.481,0.8765,26.54,830.47
2026-05-09 14:00:00,128,1,B1281,275.205,274.122,1.0827,34.42,835.3
2026-05-09 22:00:00,128,2,B1282,149.217,148.598,0.6187,29.52,831.61
2026-05-10 06:00:00,129,0,B1290,217.905,217.017,0.8878,27.1,827.9
2026-05-10 14:00:00,129,1,B1291,307.237,306.14,1.0967,35.31,828.17
2026-05-10 22:00:00,129,2,B1292,161.815,161.188,0.6267,29.71,834.21
2026-05-11 06:00:00,130,0,B1300,231.754,230.855,0.8993,28.33,830.69
2026-05-11 14:00:00,130,1,B1301,269.962,268.851,1.1109,34.91,826.69
2026-05-11 22:00:00,130,2,B1302,182.264,181.629,0.6348,27.52,832.54
2026-05-12 06:00:00,131,0,B1310,226.291,225.38,0.9109,28.44,831.14
2026-05-12 14:00:00,131,1,B1311,269.661,265.262,4.3998,35.79,835.81
2026-05-12 22:00:00,131,2,B1312,124.525,123.882,0.643,30.07,833.09
2026-05-13 06:00:00,132,0,B1320,213.398,212.475,0.9227,27.6,830.27
2026-05-13 14:00:00,132,1,B1321,339.302,338.162,1.1398,34.65,832.53
2026-05-13 22:00:00,132,2,B1322,184.5,183.848,0.6513,27.84,832.7
2026-05-14 06:00:00,133,0,B1330,218.433,217.498,0.9346,28.73,834.56
2026-05-14 14:00:00,133,1,B1331,253.948,252.793,1.1545,34.8,829.7
2026-05-14 22:00:00,133,2,B1332,193.239,188.566,4.6733,26.43,833.84
2026-05-15 06:00:00,134,0,B1340,261.714,260.768,0.9466,27.02,829.6
2026-05-15 14:00:00,134,1,B1341,338.158,336.988,1.1694,35.98,827.64
2026-05-15 22:00:00,134,2,B1342,195.716,195.048,0.6682,29.93,834.3
2026-05-16 06:00:00,135,0,B1350,272.895,271.936,0.9588,28.93,831.65
2026-05-16 14:00:00,135,1,B1351,333.922,332.737,1.1844,35.24,832.03
2026-05-16 22:00:00,135,2,B1352,155.677,155.0,0.6768,29.87,833.27
2026-05-17 06:00:00,136,0,B1360,172.932,171.961,0.9711,28.14,832.44
2026-05-17 14:00:00,136,1,B1361,274.72,273.521,1.1996,34.62,834.78
2026-05-17 22:00:00,136,2,B1362,180.11,179.425,0.6855,28.38,831.2
2026-05-18 06:00:00,137,0,B1370,266.555,265.572,0.9836,29.56,832.82
2026-05-18 14:00:00,137,1,B1371,295.272,294.057,1.215,33.71,831.36
2026-05-18 22:00:00,137,2,B1372,168.722,168.027,0.6943,28.38,833.03
2026-05-19 06:00:00,138,0,B1380,198.505,197.509,0.9961,28.87,834.41
2026-05-19 14:00:00,138,1,B1381,217.068,215.838,1.2305,35.14,832.33
2026-05-19 22:00:00,138,2,B1382,127.409,126.705,0.7032,31.16,832.19
2026-05-20 06:00:00,139,0,B1390,257.944,256.935,1.0088,30.92,830.74
2026-05-20 14:00:00,139,1,B1391,298.472,293.594,4.8783,33.6,834.7
2026-05-20 22:00:00,139,2,B1392,139.613,138.901,0.7121,29.81,832.96
2026-05-21 06:00:00,140,0,B1400,191.334,190.312,1.0217,28.3,833.22
2026-05-21 14:00:00,140,1,B1401,350.127,348.865,1.2621,36.05,835.06
2026-05-21 22:00:00,140,2,B1402,216.83,216.109,0.7212,30.17,833.05
2026-05-22 06:00:00,141,0,B1410,260.868,259.833,1.0347,29.16,835.84
2026-05-22 14:00:00,141,1,B1411,305.087,303.809,1.2781,35.5,829.03
2026-05-22 22:00:00,141,2,B1412,191.285,190.555,0.7304,28.96,830.4
2026-05-23 06:00:00,142,0,B1420,268.145,267.097,1.0478,27.96,830.24
2026-05-23 14:00:00,142,1,B1421,263.784,262.489,1.2944,35.38,829.28
2026-05-23 22:00:00,142,2,B1422,154.963,154.223,0.7396,32.84,828.9
2026-05-24 06:00:00,143,0,B1430,226.293,225.231,1.0611,27.95,826.5
2026-05-24 14:00:00,143,1,B1431,320.151,318.841,1.3107,35.16,833.49
2026-05-24 22:00:00,143,2,B1432,165.186,164.437,0.749,29.74,834.24
2026-05-25 06:00:00,144,0,B1440,246.131,245.057,1.0745,28.93,832.91
2026-05-25 14:00:00,144,1,B1441,273.171,271.844,1.3273,35.04,833.31
2026-05-25 22:00:00,144,2,B1442,173.268,172.509,0.7584,30.74,836.19
2026-05-26 06:00:00,145,0,B1450,257.633,256.545,1.088,28.52,828.08
2026-05-26 14:00:00,145,1,B1451,306.153,304.809,1.344,37.26,834.57
2026-05-26 22:00:00,145,2,B1452,156.697,155.929,0.768,30.76,831.23
2026-05-27 06:00:00,146,0,B1460,221.133,220.031,1.1017,28.33,829.01
2026-05-27 14:00:00,146,1,B1461,319.061,317.7,1.3609,36.28,832.26
2026-05-27 22:00:00,146,2,B1462,164.419,163.642,0.7776,30.22,838.65
2026-05-28 06:00:00,147,0,B1470,257.158,256.042,1.1155,28.19,833.03
2026-05-28 14:00:00,147,1,B1471,303.236,301.858,1.3779,34.75,830.24
2026-05-28 22:00:00,147,2,B1472,161.449,160.661,0.7874,30.9,830.99
2026-05-29 06:00:00,148,0,B1480,263.517,262.388,1.1294,28.87,832.41
2026-05-29 14:00:00,148,1,B1481,260.752,259.357,1.3952,36.58,830.82
2026-05-29 22:00:00,148,2,B1482,167.377,166.58,0.7972,29.73,832.22
2026-05-30 06:00:00,149,0,B1490,259.087,257.943,1.1435,29.35,831.21
2026-05-30 14:00:00,149,1,B1491,325.501,324.088,1.4125,35.05,833.86
2026-05-30 22:00:00,149,2,B1492,137.75,136.943,0.8072,30.28,831.91
2026-05-31 06:00:00,150,0,B1500,197.418,196.26,1.1577,28.76,831.89
2026-05-31 14:00:00,150,1,B1501,366.389,364.959,1.4301,36.38,833.72
2026-05-31 22:00:00,150,2,B1502,178.466,177.649,0.8172,30.33,836.99
2026-06-01 06:00:00,151,0,B1510,259.859,258.687,1.172,29.07,834.11
2026-06-01 14:00:00,151,1,B1511,259.36,257.912,1.4478,36.54,830.6
2026-06-01 22:00:00,151,2,B1512,165.156,164.329,0.8273,30.86,832.25
2026-06-02 06:00:00,152,0,B1520,228.504,227.318,1.1865,29.51,834.09
2026-06-02 14:00:00,152,1,B1521,323.225,321.759,1.4657,35.25,829.83
2026-06-02 22:00:00,152,2,B1522,173.449,172.611,0.8376,30.53,832.22
2026-06-03 06:00:00,153,0,B1530,209.055,207.854,1.2012,29.93,832.77
2026-06-03 14:00:00,153,1,B1531,301.934,300.45,1.4838,36.11,832.67
2026-06-03 22:00:00,153,2,B1532,167.794,166.946,0.8479,29.9,832.8
2026-06-04 06:00:00,154,0,B1540,268.967,267.751,1.2159,29.44,829.76
2026-06-04 14:00:00,154,1,B1541,308.269,306.767,1.502,35.09,829.73
2026-06-04 22:00:00,154,2,B1542,136.063,135.204,0.8583,30.95,831.13
2026-06-05 06:00:00,155,0,B1550,183.307,182.076,1.2308,28.25,829.56
2026-06-05 14:00:00,155,1,B1551,272.223,270.702,1.5204,34.14,832.75
2026-06-05 22:00:00,155,2,B1552,157.082,156.213,0.8688,31.1,834.02
2026-06-06 06:00:00,156,0,B1560,189.932,188.686,1.2458,28.65,833.27
2026-06-06 14:00:00,156,1,B1561,261.524,259.985,1.539,35.67,830.19
2026-06-06 22:00:00,156,2,B1562,164.813,163.933,0.8794,30.99,831.29
2026-06-07 06:00:00,157,0,B1570,266.492,265.231,1.261,29.6,830.14
2026-06-07 14:00:00,157,1,B1571,319.522,317.965,1.5577,35.73,827.79
2026-06-07 22:00:00,157,2,B1572,199.412,198.522,0.8901,29.87,830.31
2026-06-08 06:00:00,158,0,B1580,210.872,209.596,1.2763,28.73,834.15
2026-06-08 14:00:00,158,1,B1581,221.14,219.563,1.5766,37.77,830.98
2026-06-08 22:00:00,158,2,B1582,166.555,165.654,0.9009,30.81,834.23
2026-06-09 06:00:00,159,0,B1590,246.238,244.946,1.2917,29.13,834.82
2026-06-09 14:00:00,159,1,B1591,239.084,237.489,1.5957,36.55,827.28
2026-06-09 22:00:00,159,2,B1592,176.966,176.054,0.9118,33.12,831.17
2026-06-10 06:00:00,160,0,B1600,237.43,236.123,1.3073,29.61,831.03
2026-06-10 14:00:00,160,1,B1601,321.621,320.006,1.6149,35.32,830.66
2026-06-10 22:00:00,160,2,B1602,162.976,162.054,0.9228,31.46,833.68
2026-06-11 06:00:00,161,0,B1610,215.409,214.086,1.323,30.7,834.7
2026-06-11 14:00:00,161,1,B1611,264.757,263.122,1.6343,36.18,828.77
2026-06-11 22:00:00,161,2,B1612,157.333,156.399,0.9339,32.47,836.7
2026-06-12 06:00:00,162,0,B1620,309.554,308.215,1.3389,29.4,835.04
2026-06-12 14:00:00,162,1,B1621,255.505,253.851,1.6539,34.98,831.83
2026-06-12 22:00:00,162,2,B1622,172.077,171.132,0.9451,30.59,832.67
2026-06-13 06:00:00,163,0,B1630,248.843,247.488,1.3548,29.51,831.98
2026-06-13 14:00:00,163,1,B1631,282.236,280.563,1.6736,37.22,829.31
2026-06-13 22:00:00,163,2,B1632,138.459,137.502,0.9564,31.93,827.23
2026-06-14 06:00:00,164,0,B1640,268.907,267.536,1.3709,31.63,829.45
2026-06-14 14:00:00,164,1,B1641,334.68,332.987,1.6935,35.5,833.28
2026-06-14 22:00:00,164,2,B1642,137.268,136.3,0.9677,30.02,834.84
2026-06-15 06:00:00,165,0,B1650,271.762,270.375,1.3872,29.66,829.44
2026-06-15 14:00:00,165,1,B1651,294.17,292.456,1.7136,38.02,826.43
2026-06-15 22:00:00,165,2,B1652,170.188,169.209,0.9792,31.68,829.66
2026-06-16 06:00:00,166,0,B1660,259.067,257.664,1.4036,30.82,833.12
2026-06-16 14:00:00,166,1,B1661,335.868,334.134,1.7338,36.4,835.23
2026-06-16 22:00:00,166,2,B1662,181.274,180.284,0.9908,31.53,835.18
2026-06-17 06:00:00,167,0,B1670,246.75,245.33,1.4201,29.56,832.82
2026-06-17 14:00:00,167,1,B1671,294.08,292.325,1.7543,35.32,830.81
2026-06-17 22:00:00,167,2,B1672,181.545,180.542,1.0024,32.78,832.57
2026-06-18 06:00:00,168,0,B1680,216.992,215.555,1.4368,29.49,829.9
2026-06-18 14:00:00,168,1,B1681,255.614,253.839,1.7748,37.48,832.16
2026-06-18 22:00:00,168,2,B1682,131.912,130.897,1.0142,29.83,835.34
2026-06-19 06:00:00,169,0,B1690,195.616,194.162,1.4536,27.98,822.95
2026-06-19 14:00:00,169,1,B1691,295.458,293.662,1.7956,37.72,829.48
2026-06-19 22:00:00,169,2,B1692,167.663,166.637,1.026,29.45,836.66
2026-06-20 06:00:00,170,0,B1700,241.509,240.039,1.4705,31.82,833.8
2026-06-20 14:00:00,170,1,B1701,291.832,290.016,1.8165,36.71,834.24
2026-06-20 22:00:00,170,2,B1702,152.445,151.407,1.038,31.61,830.59
2026-06-21 06:00:00,171,0,B1710,253.373,251.885,1.4876,30.52,830.78
2026-06-21 14:00:00,171,1,B1711,241.136,239.298,1.8376,36.93,831.01
2026-06-21 22:00:00,171,2,B1712,139.701,138.651,1.05,31.79,836.32
2026-06-22 06:00:00,172,0,B1720,255.985,254.48,1.5048,30.84,830.7
2026-06-22 14:00:00,172,1,B1721,279.835,277.976,1.8588,36.59,827.28
2026-06-22 22:00:00,172,2,B1722,224.9,223.838,1.0622,32.44,830.48
2026-06-23 06:00:00,173,0,B1730,220.806,219.284,1.5221,29.76,830.39
2026-06-23 14:00:00,173,1,B1731,270.396,268.515,1.8803,35.26,831.15
2026-06-23 22:00:00,173,2,B1732,145.429,144.354,1.0744,31.26,831.41
2026-06-24 06:00:00,174,0,B1740,234.167,232.627,1.5396,29.72,827.14
2026-06-24 14:00:00,174,1,B1741,316.034,314.132,1.9018,36.9,832.58
2026-06-24 22:00:00,174,2,B1742,137.374,136.287,1.0868,32.95,830.86
2026-06-25 06:00:00,175,0,B1750,211.518,209.961,1.5572,29.51,832.38
2026-06-25 14:00:00,175,1,B1751,264.743,262.82,1.9236,36.85,829.01
2026-06-25 22:00:00,175,2,B1752,136.903,135.804,1.0992,33.01,832.44
2026-06-26 06:00:00,176,0,B1760,183.432,181.857,1.5749,30.92,828.66
2026-06-26 14:00:00,176,1,B1761,325.618,323.672,1.9455,37.06,830.51
2026-06-26 22:00:00,176,2,B1762,185.636,184.524,1.1117,33.27,831.21
2026-06-27 06:00:00,177,0,B1770,246.073,244.481,1.5928,29.62,830.06
2026-06-27 14:00:00,177,1,B1771,318.23,316.262,1.9676,37.24,831.77
2026-06-27 22:00:00,177,2,B1772,192.949,191.825,1.1244,32.58,831.39
2026-06-28 06:00:00,178,0,B1780,234.927,233.316,1.6109,30.61,829.13
2026-06-28 14:00:00,178,1,B1781,276.91,274.921,1.9899,36.3,830.08
2026-06-28 22:00:00,178,2,B1782,156.431,155.294,1.1371,31.23,835.93
2026-06-29 06:00:00,179,0,B1790,251.385,249.756,1.629,30.95,837.87
2026-06-29 14:00:00,179,1,B1791,310.423,308.411,2.0123,37.01,830.96
2026-06-29 22:00:00,179,2,B1792,154.698,153.548,1.1499,30.88,832.02
