day,opening_net_kl15,receipts_net_kl15,deliveries_net_kl15,closing_net_kl15,opening_obs_kl,receipts_obs_kl,deliveries_obs_kl,closing_obs_kl,date,unaccounted_net_kl15,unaccounted_raw_kl,throughput_kl15,unaccounted_pct
1,13129.176,726.9557896026355,712.9739794343849,13139.351999999999,13208.046,732.6128644385047,718.5678263821826,13226.943000000001,2026-01-02,3.8058101682527194,-4.851961943679271,712.9739794343849,0.5337936976706972
2,13139.351999999999,567.4767002556921,706.0065531650249,13003.436,13226.943000000001,571.5394806380111,711.5652707851519,13082.994,2026-01-03,-2.613852909333218,3.923209852860964,706.0065531650249,-0.37023068661548886
3,13003.436,707.2159380134124,648.3094157626865,13059.905,13082.994,712.6587098485287,653.0355447675942,13145.289999999999,2026-01-04,2.4375222507242142,-2.6728349190634617,648.3094157626865,0.3759813125429708
4,13059.905,749.7050087978729,641.2976196118101,13168.266,13145.289999999999,755.1734560245701,645.6713738278527,13238.666000000001,2026-01-05,0.04638918606360676,16.126082196715288,641.2976196118101,0.007233643887792228
5,13168.266,681.5554247940761,718.9571754692905,13132.481,13238.666000000001,686.6875494484082,724.0162238416104,13207.862000000001,2026-01-06,-1.6167506752135523,-6.524674393202076,718.9571754692905,-0.22487440564985503
6,13132.481,716.3206092931217,709.6586710455381,13136.562000000002,13207.862000000001,722.1184404069013,715.3195008954481,13224.386999999999,2026-01-07,2.5809382475817984,-9.726060488545045,709.6586710455381,0.36368727007581114
7,13136.562000000002,663.308656589533,690.3502990826587,13113.364,13224.386999999999,668.0065422681915,695.2088739931877,13202.913,2026-01-08,-3.8436424931223883,-5.7283317249984975,690.3502990826587,-0.556766977320042
8,13113.364,706.6675381814947,657.4527199634981,13162.798,13202.913,711.4108829093876,661.7759466053055,13242.284,2026-01-09,-0.21918178200394323,10.263936304083472,657.4527199634981,-0.033338029541669895
9,13162.798,654.7743798084086,689.8306776425488,13124.615,13242.284,659.5254477544678,695.196980073276,13205.616,2026-01-10,3.126702165860479,0.996467681190552,689.8306776425488,0.45325646817357834
10,13124.615,614.865323502311,639.826465061339,13099.286,13205.616,619.7358400845443,644.5401430449243,13176.653,2026-01-11,0.3678584409717587,4.158697039620165,639.826465061339,0.05749347066106319
11,13099.286,670.813254460309,711.050630590259,13057.142,13176.653,675.61195335685,715.9759793036027,13150.454,2026-01-12,1.9066238700506801,-14.165025946751484,711.050630590259,0.2681417873812937
12,13057.142,707.1764644927227,692.3456991585527,13079.364,13150.454,711.9870499113246,697.1101741032885,13147.407,2026-01-13,-7.39123466583078,17.92387580803552,692.3456991585527,-1.0675641770886668
13,13079.364,786.1293359847695,708.5039271583918,13149.423,13147.407,791.4315147260685,713.3475761949261,13212.573,2026-01-14,7.566408826376573,12.917938531139953,708.5039271583918,1.0679416918298947
14,13149.423,688.8658383557304,756.9782913412998,13081.893,13212.573,694.1288047751887,762.6875188651072,13165.047999999999,2026-01-15,-0.5824529855690344,-21.03371408991734,756.9782913412998,-0.07694447677448955
15,13081.893,695.4245057999276,687.6897743373943,13091.494999999999,13165.047999999999,700.1226635401379,692.051761243835,13157.896999999999,2026-01-16,-1.8672685374658613,15.221902296303597,687.6897743373943,-0.27152774508898575
16,13091.494999999999,613.8296569981316,716.8411098784595,12988.976999999999,13157.896999999999,618.1374568947892,721.9806483492802,13073.979,2026-01-17,-0.49345288032782264,-19.92519145449114,716.8411098784595,-0.06883713469104578
17,12988.976999999999,679.7736254416296,665.0363787113997,13001.724,13073.979,684.6676640982516,670.0120628688967,13080.647,2026-01-18,1.990246730229046,7.987601229353459,665.0363787113997,0.2992688511394558
18,13001.724,624.8683275685331,685.9177307150512,12941.805,13080.647,629.2927420665595,690.930175377472,13011.593,2026-01-19,-1.1304031465188018,7.416566689087631,685.9177307150512,-0.16480156378818
19,12941.805,623.5653172566773,747.3203992190978,12817.389,13011.593,627.5137455605048,752.1425450355266,12894.591,2026-01-20,0.6609180375817232,-7.626799475021471,747.3203992190978,0.0884383777389645
20,12817.389,771.9010665801318,684.5213447021918,12907.701000000001,12894.591,777.4490257569717,689.375660880561,12980.016,2026-01-21,-2.932278122061689,2.648364876411506,684.5213447021918,-0.428369128991501
21,12907.701000000001,698.0905055777025,728.9605628620075,12872.047999999999,12980.016,703.4957875240277,734.515935364273,12949.304,2026-01-22,4.782942715697573,-0.30814784024551045,728.9605628620075,0.656131889620891
22,12872.047999999999,641.5049714777872,771.5453841971316,12742.857,12949.304,646.5724223066832,777.269002387001,12827.048999999999,2026-01-23,-0.8494127193462191,-8.44158008031809,771.5453841971316,-0.1100923855866387
23,12742.857,659.1190778208112,691.9041233149158,12710.908000000001,12827.048999999999,663.576181831609,696.4961969594494,12794.619999999999,2026-01-24,-0.8360454941066564,-0.4910151278400008,691.9041233149158,-0.12083256421441149
24,12710.908000000001,686.1526200469223,676.6500894069851,12719.574,12794.619999999999,691.0134945022603,681.4363838832339,12796.238,2026-01-25,0.8365306399373367,7.959110619025523,676.6500894069851,0.12362824642060871
25,12719.574,702.4746739701899,629.1147852597945,12794.756000000001,12796.238,708.1505405401874,634.2045604344074,12889.171,2026-01-26,-1.822111289606255,-18.987019894220794,629.1147852597945,-0.2896309755069275
26,12794.756000000001,685.4476066925687,664.4823045221057,12810.079,12889.171,690.5071438655468,669.4371015299375,12897.341,2026-01-27,5.642302170464973,12.900042335608305,664.4823045221057,0.849127528613859
27,12810.079,759.1095484307745,667.4708528282316,12906.312,12897.341,764.3214418399945,672.207637995949,12980.134,2026-01-28,-4.5943043974566535,9.320803844046168,667.4708528282316,-0.6883153590886405
28,12906.312,722.1593728565738,734.8990193948565,12892.351999999999,12980.134,727.8519317036717,740.653696396474,12952.897,2026-01-29,1.2203534617183323,14.435235307197217,734.8990193948565,0.16605729896377017
29,12892.351999999999,639.0680198496605,736.3271559842501,12795.636,12952.897,643.9065526050107,742.115694785991,12877.587,2026-01-30,-0.5431361345908954,-22.899142180978743,736.3271559842501,-0.07376288246015919
30,12795.636,767.227628922618,712.8401358190926,12849.479,12877.587,773.2461048015809,718.4373623308298,12914.807,2026-01-31,0.544493103525383,17.58874247075073,712.8401358190926,0.07638362041718239
31,12849.479,701.0168096135632,729.1761801332633,12820.691,12914.807,706.3727307804909,734.6854510656781,12890.454,2026-02-01,0.6286294802994234,-3.95972028518554,729.1761801332633,0.08621091821520224
32,12820.691,719.5162177663333,685.4497919759704,12858.471,12890.454,725.2479524757788,690.9118723677459,12943.173999999999,2026-02-02,-3.7135742096361355,-18.383919891966798,685.4497919759704,-0.5417718778396422
33,12858.471,820.1383063846237,745.7351587707847,12932.61,12943.173999999999,826.6900015790328,751.8342978008174,13036.425,2026-02-03,0.26414761383784935,-18.39529622178452,745.7351587707847,0.03542110234862079
34,12932.61,746.7813305155054,681.7132928031973,12993.837,13036.425,752.3421473156139,686.8152613856612,13078.348,2026-02-04,3.8410377123091166,23.603885929951502,681.7132928031973,0.5634388756767252
35,12993.837,715.9983126973572,713.7157684404639,12999.837,13078.348,722.1428817201008,719.8111928531066,13103.523,2026-02-05,-3.7174557431080757,-22.843311133005045,713.7157684404639,-0.5208594103547783
36,12999.837,655.5023885397633,749.3074829018491,12903.704000000002,13103.523,660.815557650395,755.3764385769773,12994.102,2026-02-06,2.3279056379124086,14.860119073415262,749.3074829018491,0.31067428139074627
37,12903.704000000002,753.1311015083966,661.9152578622496,12998.087,12994.102,759.301611292396,667.5009575589088,13082.993,2026-02-07,-3.167156353851169,2.909653733488085,661.9152578622496,-0.4784836602920977
38,12998.087,737.1037174021494,664.6718615344487,13065.619,13082.993,742.7639159411383,670.1704830032835,13147.279,2026-02-08,4.8998558676994435,8.307432937855992,664.6718615344487,0.7371841883584075
39,13065.619,659.9568383452583,736.7577177889706,12991.564999999999,13147.279,664.7489883798789,742.0014038184315,13072.909,2026-02-09,-2.746879443709986,-2.8824154385511065,736.7577177889706,-0.3728334807205609
40,12991.564999999999,694.198328527239,655.1987015846015,13029.252,13072.909,699.5620062590956,660.2701676130943,13123.87,2026-02-10,1.3126269426375075,-11.669161354000607,655.1987015846015,0.2003402844759784
41,13029.252,662.742750294798,739.8120697341778,12951.214,13123.87,667.6154285007707,745.4919700578683,13027.649,2026-02-11,0.9686805606197595,18.344458442903488,739.8120697341778,0.13093603095280892
42,12951.214,747.9146709599981,727.0611583578909,12972.696,13027.649,753.4912631478458,732.764802678861,13049.928,2026-02-12,-0.6284873978911492,-1.5525395310160093,727.0611583578909,-0.0864421638628893
43,12972.696,699.3691085947801,697.2377852676505,12975.966,13049.928,705.3078568271453,703.1842960466334,13068.312,2026-02-13,-1.1386766728719522,-16.260439219488035,697.2377852676505,-0.16331253080824434
44,12975.966,659.8924363191408,701.7841614667409,12931.137999999999,13068.312,665.3156140549933,707.2578563461116,13018.902,2026-02-14,2.936274852399947,7.4677577088805265,701.7841614667409,0.4184014136573106
45,12931.137999999999,727.6549799192419,642.7960848348055,13015.875,13018.902,733.6129642294208,648.0515030103693,13112.045,2026-02-15,0.12189508443589148,-7.581538780948904,642.7960848348055,0.018963258693029804
46,13015.875,636.6694845056776,692.4085144305308,12959.458,13112.045,641.7561748073017,697.8459323157533,13046.973,2026-02-16,0.6779700751467317,8.982242491549187,692.4085144305308,0.09791475133784656
47,12959.458,718.2815374681733,669.7585221883426,13009.644,13046.973,724.2660176385242,675.8327014772171,13102.036,2026-02-17,-1.6629847201675148,-6.629683838693381,669.7585221883426,-0.24829616422556955
48,13009.644,658.0056519567045,723.4995207652022,12945.315999999999,13102.036,663.4742729574456,729.4293603104667,13041.252,2026-02-18,-1.16586880849718,-5.171087353020994,723.4995207652022,-0.16114299664830603
49,12945.315999999999,678.792184680502,699.6112514344928,12923.965,13041.252,684.9792666434882,705.8752655346361,13032.172999999999,2026-02-19,0.5319332460076112,-11.816998891146795,699.6112514344928,0.07603268885640814
50,12923.965,739.1105020297141,680.2429830714385,12981.469000000001,13032.172999999999,746.1795327013983,687.0414151324348,13079.804,2026-02-20,1.3635189582746534,11.507117568962713,680.2429830714385,0.2004458689331982
51,12981.469000000001,669.8001044433635,753.6231461929589,12897.627,13079.804,674.867492090515,759.5833131940855,12965.789,2026-02-21,0.018958250406285515,29.299178896428202,753.6231461929589,0.0025156141371262255
52,12897.627,670.2524136008733,683.1922857576104,12883.252,12965.789,676.272818774919,689.2319737908101,12986.311,2026-02-22,1.4351278432623076,-33.48115501589018,683.1922857576104,0.21006206790974746
53,12883.252,784.0488279073563,724.2728810700686,12946.128999999999,12986.311,791.1009421918524,730.6614781211402,13042.806999999999,2026-02-23,-3.101053162710741,3.943464070711343,724.2728810700686,-0.42816088297122573
54,12946.128999999999,632.4197195892336,747.034576453698,12829.486,13042.806999999999,637.66091726635,753.1760711050017,12920.966,2026-02-24,2.0281431355342647,6.325846161347727,747.034576453698,0.2714925385598897
55,12829.486,674.0281546187676,632.425534436997,12873.602,12920.966,679.3205553397432,637.6602458131058,12957.005,2026-02-25,-2.5133798182305327,5.621309526639379,632.425534436997,-0.39741909226799543
56,12873.602,697.3661397268685,678.4359441909517,12892.797,12957.005,703.2546600714827,684.0919477701598,12990.415,2026-02-26,-0.26480446408277203,-14.24728769867761,678.4359441909517,-0.039031608857127496
57,12892.797,726.4866657177238,631.5767403264944,12982.611,12990.415,732.3153124562139,636.611230853463,13068.254,2026-02-27,5.0959253912296845,17.86508160275116,631.5767403264944,0.8068576731618298
58,12982.611,775.7072180943615,711.3289346423724,13045.858,13068.254,782.5257223446058,717.8305340865787,13146.641,2026-02-28,1.1312834519903845,-13.691811741971833,711.3289346423724,0.15903801980994187
59,13045.858,704.7355905970103,628.8092914370083,13123.553,13146.641,710.5019380170926,633.9644962377216,13215.488,2026-03-01,-1.7687008399971091,7.690441779370303,628.8092914370083,-0.28127778391364483
60,13123.553,744.9029164096069,721.0856736783882,13145.563,13215.488,752.1001807837616,728.0141526679496,13255.191,2026-03-02,1.807242731218139,-15.616971884188388,721.0856736783882,0.25062801788850797
61,13145.563,652.3537530339466,754.0988977529142,13044.805,13255.191,658.2641447170356,761.0781617777766,13156.607,2026-03-03,-0.9871447189671017,-4.230017060741375,754.0988977529142,-0.13090388036749875
62,13044.805,755.6472248867419,754.413600754034,13044.916000000001,13156.607,762.8811351524729,762.0662102691458,13144.455,2026-03-04,1.1226241327058233,12.96692488332701,754.413600754034,0.1488075150797605
63,13044.916000000001,651.9867727326304,682.4494480376623,13013.984,13144.455,658.2321507188897,689.029825663637,13111.531,2026-03-05,0.46932469497005513,2.1263250552528916,682.4494480376623,0.06877061683023804
64,13013.984,761.9577863406631,700.567613508246,13072.487000000001,13111.531,769.2452899076928,707.4498550001445,13177.462,2026-03-06,2.887172832415672,-4.1355650924506335,700.567613508246,0.4121190841177371
65,13072.487000000001,650.8671048986196,719.6231649377902,13002.103,13177.462,656.5208004941186,725.8502433451464,13103.005,2026-03-07,1.627939960832009,5.127557148971391,719.6231649377902,0.22622117243442835
66,13002.103,699.3397188249551,758.8162877773906,12940.988000000001,13103.005,705.8120001550999,765.923675989227,13057.935000000001,2026-03-08,1.6384310475623352,-15.04167583412891,758.8162877773906,0.21591933040359196
67,12940.988000000001,705.275416851448,697.5600662820657,12950.085,13057.935000000001,711.9659073669477,704.2346712864384,13060.409,2026-03-09,-1.3816494306156528,5.257236080511575,697.5600662820657,-0.19806888286763946
68,12950.085,729.4516988718041,746.5119327857426,12926.105,13060.409,735.9557095284274,753.2352791702677,13026.189999999999,2026-03-10,6.919766086060918,16.93943035816119,746.5119327857426,0.9269464803112489
69,12926.105,578.7399429038587,657.658494087405,12849.016,13026.189999999999,583.9227423035852,663.5512926177624,12949.188,2026-03-11,-1.8295511835458456,-2.6265503141785302,657.658494087405,-0.2781916754659436
70,12849.016,598.7999737378772,748.0723775659351,12700.011999999999,12949.188,604.4005891202687,755.0912976272436,12806.732,2026-03-12,-0.268403828056762,-8.23470850697413,748.0723775659351,-0.03587939297131779
71,12700.011999999999,709.3608825859849,680.351119216478,12724.376,12806.732,716.4068281358484,687.3554975466179,12838.175,2026-03-13,4.645763369504493,-2.3916694107683725,680.351119216478,0.6828479057776456
72,12724.376,676.6707667614758,681.0606980340423,12721.954,12838.175,683.3096966176407,687.9488012755762,12818.55,2026-03-14,-1.9679312725656928,14.985895342064396,681.0606980340423,-0.28895093759577467
73,12721.954,744.5455902003721,705.9323218317918,12753.053,12818.55,751.5026471817625,712.5130789303718,12856.541,2026-03-15,7.514268368580815,0.9985682513906795,705.9323218317918,1.064446000869089
74,12753.053,710.4608566634681,681.2888910390412,12783.45,12856.541,717.327604940532,687.5251540444767,12892.848,2026-03-16,-1.2250343755731592,-6.504549103945465,681.2888910390412,-0.17981129469245355
75,12783.45,651.7953773346244,647.4279485669471,12786.699,12892.848,658.2623240353613,653.4964655932461,12895.221,2026-03-17,1.11842876767696,2.392858442115539,647.4279485669471,0.1727495345470569
76,12786.699,694.8504073132862,734.753479588535,12746.284,12895.221,701.7832008186256,742.0627155011492,12866.853000000001,2026-03-18,0.5119277247522405,-11.911514682526104,734.753479588535,0.06967339917041591
77,12746.284,800.4587531042862,696.1218500577785,12840.137,12866.853000000001,808.4653428776965,702.9448921056681,12954.01,2026-03-19,10.483903046506384,18.363450772028955,696.1218500577785,1.5060442429204333
78,12840.137,678.1659105689689,705.2092138410059,12816.048,12954.01,685.4747195581087,712.4807700061024,12940.993,2026-03-20,-2.9543032720375777,-13.989050447993577,705.2092138410059,-0.41892579025543547
79,12816.048,609.4694768079434,663.1473139265984,12754.182,12940.993,615.6469275371448,669.9687192318522,12872.391,2026-03-21,8.188162881344397,14.280208305293854,663.1473139265984,1.2347426747250185
80,12754.182,715.6265426035786,710.2870176723021,12760.561,12872.391,723.0225061842564,717.7503336419553,12851.879,2026-03-22,-1.0394750687228225,25.78417254229862,710.2870176723021,-0.14634577894008396
81,12760.561,704.1258628769896,683.6964048815302,12784.012999999999,12851.879,711.2059168324055,690.8221671907211,12909.885,2026-03-23,-3.022542004538991,-37.622250358315796,683.6964048815302,-0.44208832794180514
82,12784.012999999999,750.2336385159526,698.3474192630774,12824.835,12909.885,757.4165528227823,705.2580321511869,12937.419,2026-03-24,11.064219252875773,24.624520671595747,698.3474192630774,1.5843431145705609
83,12824.835,707.6852251708615,692.2792842462492,12841.16,12937.419,715.1557886407217,699.6979685484349,12952.923,2026-03-25,-0.9190590753878496,-0.04617990771475888,692.2792842462492,-0.13275842514752081
84,12841.16,763.4056423749375,684.8060144662511,12919.055,12952.923,771.4037335965072,691.9152160712362,13038.075,2026-03-26,0.7046279086862342,-5.66348247472888,684.8060144662511,0.10289452688808999
85,12919.055,685.5233783975086,723.1158953096698,12875.444,13038.075,692.9848988162254,730.9414497548022,13015.304,2026-03-27,6.01848308784065,-15.185550938576853,723.1158953096698,0.8322985467306417
86,12875.444,758.0613810562884,641.4130884713221,12994.895,13015.304,766.8417884979185,648.59812273213,13115.807,2026-03-28,-2.8027074150340923,17.740665765788435,641.4130884713221,-0.4369582513063113
87,12994.895,720.7883465605919,692.0626121366345,13022.688,13115.807,728.8138126541608,699.8839886900425,13143.252,2026-03-29,0.9327344239572994,1.4848239641178225,692.0626121366345,0.13477601702505335
88,13022.688,651.4581165382442,776.1007728575207,12892.67,13143.252,658.1747408459904,784.1113779258466,13022.296999999999,2026-03-30,5.375343680723745,-4.9816370798544085,776.1007728575207,0.6926089843890118
89,12892.67,750.9917896495897,670.2378244097005,12973.954000000002,13022.296999999999,759.467832577643,677.7105469696977,13113.037,2026-03-31,-0.5300347601114481,-8.98271439205746,670.2378244097005,-0.07908159474262236
90,12973.954000000002,687.9821672120414,695.7704695146776,12961.444,13113.037,695.460352386485,703.3566792354763,13090.333,2026-04-01,4.721697697365016,14.807673151008203,695.7704695146776,0.6786286432447403
91,12961.444,587.0019839134844,684.6031938507031,12863.48,13090.333,593.4379816958728,692.1500651785137,12989.723999999998,2026-04-02,0.3627900627798226,1.896916517362115,684.6031938507031,0.052992750550757604
92,12863.48,717.3544225542407,659.9438495614776,12925.251,12989.723999999998,725.2042434670597,667.1531584323236,13046.636999999999,2026-04-03,-4.3604270072373765,1.1380850347359228,659.9438495614776,-0.6607269709589403
93,12925.251,704.1675325419865,664.2424047036636,12960.557,13046.636999999999,711.3611192173049,671.2935205054081,13085.567000000001,2026-04-04,4.619127838321219,1.1375987118954072,664.2424047036636,0.6953979158229044
94,12960.557,612.0537281079681,600.2229802441494,12970.701,13085.567000000001,619.144380712919,607.2822360391337,13103.463,2026-04-05,1.686747863821438,-6.0338553262117784,600.2229802441494,0.28102020737948563
95,12970.701,670.9763594695311,770.2748486976577,12868.562,13103.463,678.260559760342,778.6150339178655,13004.135,2026-04-06,2.8405107718717773,-1.0264741575247172,770.2748486976577,0.3687658732041389
96,12868.562,735.398633028798,717.4441565310676,12882.211,13004.135,743.6374333147313,725.5892020386816,13025.685000000001,2026-04-07,4.3054764977296145,-3.5017687239524093,717.4441565310676,0.600113118008673
97,12882.211,716.3365111561435,705.1713236930004,12896.257,13025.685000000001,725.1870219423597,713.8201144971006,13020.892,2026-04-08,-2.880812536857775,16.159907445260615,705.1713236930004,-0.4085266147481558
98,12896.257,666.6971592902983,717.4388775283214,12839.491000000002,13020.892,674.2765454470162,725.8592969886143,12974.211,2026-04-09,6.024281761972816,-4.90175154159806,717.4388775283214,0.8396926833303654
99,12839.491000000002,769.6004479703624,723.899133879137,12883.724,12974.211,779.0246807989629,732.6459001781155,13026.895,2026-04-10,1.468314091227512,-6.305219379153641,723.899133879137,0.20283407211158003
100,12883.724,682.1576714065466,659.2286167774583,12906.868,13026.895,689.6747370913849,666.4604640868658,13041.709,2026-04-11,-0.2149453709116642,8.400273004519477,659.2286167774583,-0.03260558862908484
101,12906.868,761.8425619897774,747.3901290520914,12920.807999999999,13041.709,770.8108001775648,756.4270239274557,13060.535,2026-04-12,0.5124329376867536,-4.442223749889308,747.3901290520914,0.06856297906110534
102,12920.807999999999,633.0279653786631,706.3748173452036,12845.491,13060.535,641.2712172264528,715.3213762133805,12978.664,2026-04-13,1.9701480334588268,7.820841013071913,706.3748173452036,0.2789097211680496
103,12845.491,746.8352029733961,639.5542181346253,12949.603,12978.664,755.3560191911645,647.2674963073665,13081.229,2026-04-14,3.168984838772303,5.52352288379916,639.5542181346253,0.49549901304931054
104,12949.603,740.6215650869065,652.2768552415449,13033.148000000001,13081.229,749.6622996624924,659.7731299181742,13163.935000000001,2026-04-15,4.799709845359757,7.183169744315819,652.2768552415449,0.7358393612758765
105,13033.148000000001,693.0598242452338,600.8313421577373,13124.219000000001,13163.935000000001,701.3925569438993,607.8888436765803,13256.787,2026-04-16,1.1574820874975558,0.6517132673197921,600.8313421577373,0.19264675563374323
106,13124.219000000001,761.3018757750624,712.0837052866134,13174.38,13256.787,770.9207228282484,720.8090149264642,13310.539,2026-04-17,-0.9428295115503715,-3.640292098216378,712.0837052866134,-0.1324043092898584
107,13174.38,610.9331181718036,707.3998104432841,13078.929,13310.539,618.7521258605603,715.9109837445583,13220.864,2026-04-18,-1.0156922714813845,-7.48385788399537,707.3998104432841,-0.14358107769988127
108,13078.929,723.0412629087959,720.0816135186169,13076.015,13220.864,731.9973338957421,729.0161920800597,13222.313,2026-04-19,5.873649390177889,1.5321418156818254,720.0816135186169,0.815692177095983
109,13076.015,768.2564409049185,751.2878909862096,13092.528,13222.313,777.8876918380811,760.6967752144977,13233.73,2026-04-20,0.45554991870812955,5.773916623584228,751.2878909862096,0.06063586598076708
110,13092.528,753.5264337431786,703.6275967397659,13137.6,13233.73,762.8267827862683,712.1894448655859,13303.369999999999,2026-04-21,4.8268370034129475,-19.002662079315996,703.6275967397659,0.6859931341206528
111,13137.6,716.530190904312,665.0495884556219,13188.580999999998,13303.369999999999,726.2875228419357,673.9273434534348,13349.153999999999,2026-04-22,0.49960244869180315,6.576179388501259,665.0495884556219,0.07512258594911395
112,13188.580999999998,706.2882935783866,749.5493096191144,13143.904999999999,13349.153999999999,715.2095054038856,759.0849001318634,13296.448,2026-04-23,1.4149839592719218,8.830605272019966,749.5493096191144,0.18877796845559766
113,13143.904999999999,789.378228556028,706.3124388875647,13219.403,13296.448,799.5937640518378,715.4595087038936,13378.947,2026-04-24,7.567789668462865,1.6352553479446215,706.3124388875647,1.0714507138486844
114,13219.403,693.6679016127569,665.180932609108,13250.687,13378.947,702.6985840324072,673.9821826034371,13417.443,2026-04-25,-2.797030996351168,-9.779598571029055,665.180932609108,-0.42049175784099585
115,13250.687,649.6043057899478,741.6677647052803,13153.289999999999,13417.443,658.0527783556595,751.2309658639189,13325.859,2026-04-26,5.333541084668468,-1.5941875082608021,741.6677647052803,0.7191280703412909
116,13153.289999999999,726.3481058395762,698.5717543069246,13182.895,13325.859,735.7609096526419,707.7283730693414,13346.192,2026-04-27,-1.8286484673499217,7.699536583300869,698.5717543069246,-0.2617695971925149
117,13182.895,756.3663941938861,679.0456802403218,13252.245,13346.192,766.7340019461499,688.3685467088762,13411.964,2026-04-28,7.970713953563973,12.593455237272792,679.0456802403218,1.1738111566725598
118,13252.245,815.7618985760782,687.7042569351838,13376.333999999999,13411.964,826.7419157248047,697.3029001589362,13532.586,2026-04-29,3.968641640896749,8.817015565868132,687.7042569351838,0.5770855132674849
119,13376.333999999999,684.7545865033901,710.8782878009009,13348.886,13532.586,694.1943896375142,720.5465434259714,13508.918000000001,2026-04-30,1.3242987024877948,-2.684153788459298,710.8782878009009,0.18629049799572686
120,13348.886,719.2255474777974,767.6636092070095,13293.314,13508.918000000001,728.7991205529732,778.047909759863,13454.084,2026-05-01,7.133938270788349,5.585210793109582,767.6636092070095,0.9293052562642186
121,13293.314,698.9675053649164,792.6022294568072,13197.488000000001,13454.084,708.3633656174962,802.9619583502413,13335.116,2026-05-02,2.1912759081096738,24.369407267256975,792.6022294568072,0.2764660288189471
122,13197.488000000001,668.7531320289274,648.0393121598414,13211.95,13335.116,677.857176337753,656.7686508953212,13372.475,2026-05-03,6.25181986908683,-16.270474557568377,648.0393121598414,0.9647284897347084
123,13211.95,723.9651413755155,733.610746049581,13201.383,13372.475,733.6497359642212,743.4943402871515,13372.533,2026-05-04,0.9213953259368282,-9.90260432292962,733.610746049581,0.12559730496021873
124,13201.383,634.9330569234282,667.2893105800447,13166.218,13372.533,643.7162289061536,676.314542690364,13330.9,2026-05-05,2.808746343382154,9.034686215789407,667.2893105800447,0.4209188276881937
125,13166.218,636.5999023787108,654.5223339633594,13148.099,13330.9,645.0609545986636,663.4113616406981,13315.997,2026-05-06,0.1965684153528855,-3.4474070420328644,654.5223339633594,0.03003234651483864
126,13148.099,666.374645600331,758.9455893448611,13052.475,13315.997,675.4227747001138,769.4076705879326,13208.089,2026-05-07,3.0530562554686185,13.923104112180226,758.9455893448611,0.4022760390641555
127,13052.475,671.6249251749709,630.6361734454696,13092.854,13208.089,681.0619360352515,639.3684312359453,13269.92,2026-05-08,0.6097517295020225,-20.137495200693593,630.6361734454696,0.09668835299609516
128,13092.854,606.7798644374457,674.8984446697818,13013.766,13269.92,615.3028950250879,684.4725884688777,13177.003,2026-05-09,10.969419767663567,23.747306556209878,674.8984446697818,1.6253437616130153
129,13013.766,686.9560767012975,643.0452674972518,13056.36,13177.003,696.7068673793834,652.034109622935,13228.896,2026-05-10,1.3168092040450574,-7.2202422435511835,643.0452674972518,0.2047770616787387
130,13056.36,683.9796497655534,747.269438417935,12993.518,13228.896,693.536116534178,757.6971779719423,13138.719000000001,2026-05-11,-0.4477886523818597,26.015938562235533,747.269438417935,-0.05992331940268902
131,12993.518,620.476896675146,708.2205553220485,12897.993999999999,13138.719000000001,629.5740436272575,718.7139273422532,13067.363000000001,2026-05-12,7.780341353098265,-17.78388371499568,708.2205553220485,1.0985760431028886
132,12897.993999999999,737.1998109281168,651.5368810090506,12978.298999999999,13067.363000000001,747.4649125300671,660.2700371352666,13123.336,2026-05-13,5.3579299190660095,31.221875394803646,651.5368810090506,0.8223525137622381
133,12978.298999999999,665.6198526860078,670.7209190318925,12965.582999999999,13123.336,674.6707285901207,679.9128069689347,13094.781,2026-05-14,7.614933654116612,23.312921621185524,670.7209190318925,1.135335642297825
134,12965.582999999999,795.5879676210022,622.4447843534408,13135.539,13094.781,806.982072437244,631.3285961460659,13303.33,2026-05-15,3.187183267560613,-32.8955237088212,622.4447843534408,0.5120427301630092
135,13135.539,762.4937449858924,693.8419184196748,13198.128,13303.33,773.8468454178753,704.1982918164083,13370.339,2026-05-16,6.062826566216245,2.6395536014661047,693.8419184196748,0.8738051716484942
136,13198.128,627.762847940346,679.8191968729983,13145.264,13370.339,636.5724237939129,689.1803503559286,13300.355,2026-05-17,0.8076510673490702,17.376073437982996,679.8191968729983,0.11880380416794159
137,13145.264,730.5482992705171,670.7716881260147,13202.243,13300.355,740.9677121209884,680.3547191295626,13360.815999999999,2026-05-18,2.797611144500479,0.15199299142659584,670.7716881260147,0.41707352800121533
138,13202.243,542.9817363894962,636.3237424631409,13105.598,13360.815999999999,551.0225240900453,646.0027149578887,13291.728,2026-05-19,3.3029939263560664,-25.892190867843965,636.3237424631409,0.5190744437054213
139,13105.598,696.0293088073515,773.6090795055788,13018.171,13291.728,706.2867252939086,784.9497590717843,13186.39,2026-05-20,9.84722930177304,26.674966222124567,773.6090795055788,1.2728947426607895
140,13018.171,758.2903272811582,729.3590663746443,13042.092,13186.39,769.7910888817181,740.2258945753797,13215.247,2026-05-21,5.010260906514304,0.7081943063385552,729.3590663746443,0.6869402380117562
141,13042.092,757.2393827064748,728.9547519588893,13069.534,13215.247,768.4291829804206,739.7077774202354,13231.437,2026-05-22,0.8426307475874637,12.531405560184794,728.9547519588893,0.11559438296040978
142,13069.534,686.8910486186923,738.8145140670032,13014.127,13231.437,697.0274770583246,750.0492785512457,13216.554,2026-05-23,3.483534551687626,-38.13880149291981,738.8145140670032,0.47150326440009593
143,13014.127,711.6300978651221,635.8968996379116,13089.843,13216.554,722.0215193300523,645.0308982168227,13254.636,2026-05-24,0.017198227209519246,38.908621113228946,635.8968996379116,0.002704562204865624
144,13089.843,692.5698549066342,687.6054262814763,13089.676,13254.636,702.6484994848447,697.5913325701497,13269.338,2026-05-25,5.13142862515997,-9.644833085303617,687.6054262814763,0.7462751789075297
145,13089.676,720.4841458309728,699.6092311913749,13104.351999999999,13269.338,731.6598908562648,710.3766745575393,13286.094,2026-05-26,6.198914639599025,4.527216298725762,699.6092311913749,0.8860538659621174
146,13104.351999999999,704.6132609935885,636.2173091225376,13171.041,13286.094,715.2558152186461,645.9984736021485,13342.787,2026-05-27,1.706951871050478,12.564341616496677,636.2173091225376,0.26829698698463317
147,13171.041,721.842404505303,741.3628231189319,13147.982,13342.787,732.2706497583724,752.1618977455918,13330.921,2026-05-28,3.5385813863704243,-8.025247987217881,741.3628231189319,0.4773076388540127
148,13147.982,691.646991280423,655.6575874747112,13182.208999999999,13330.921,702.011545420211,665.4152865016127,13353.472,2026-05-29,1.7624038057128928,14.045258918598847,655.6575874747112,0.26879942204296825
149,13182.208999999999,722.3375164430909,664.2352327115577,13233.348,13353.472,733.1604137284348,674.0714244068521,13414.696,2026-05-30,6.963283731531192,-2.1350106784157106,664.2352327115577,1.0483159261374166
150,13233.348,742.2727650318875,644.310708701291,13329.216,13414.696,753.9404823756962,654.3106689323644,13506.635,2026-05-31,2.0940563305957767,7.690813443330626,644.310708701291,0.32500722125458303
151,13329.216,684.3756191929391,686.029936909536,13322.186,13506.635,694.7768051084886,696.7825229222975,13504.738,2026-06-01,5.375682283403876,-0.10871781380956236,686.029936909536,0.7835929591674284
152,13322.186,725.1776345975655,640.634204093816,13404.061000000002,13504.738,736.2503944344344,650.4865654401063,13588.497,2026-06-02,2.668430503747004,2.0048289943279087,640.634204093816,0.41652950883593975
153,13404.061000000002,678.7826369808901,644.0462154509511,13435.838,13588.497,689.3874766417916,653.9957948658939,13608.599,2026-06-03,2.9594215299403004,15.289681775897407,644.0462154509511,0.4595045291692553
154,13435.838,713.2992130695711,720.8358194676514,13426.31,13608.599,723.9521803851678,731.6832106674341,13617.584,2026-06-04,1.9913936019202083,-16.71603028226673,720.8358194676514,0.27626174340099857
155,13426.31,612.611680766944,623.6515032770673,13407.645,13617.584,621.5717405246909,632.6578977098438,13591.323,2026-06-05,7.625177489875568,15.17484281484758,623.6515032770673,1.2226664170306603
156,13407.645,616.2690429685216,693.2489586116932,13330.818,13591.323,625.6745438912177,703.8565923599776,13518.695,2026-06-06,-0.1529156431715819,-5.554048468758992,693.2489586116932,-0.02205782515386856
157,13330.818,785.4265575981576,735.3602486487329,13373.111,13518.695,797.2057700019307,746.3740349133271,13546.935,2026-06-07,7.7733089494231535,22.591735088602945,735.3602486487329,1.05707494574354
158,13373.111,598.5667264216237,710.5745135377532,13259.765,13546.935,607.7302593032864,721.2890474956627,13441.993999999999,2026-06-08,1.338212883872984,-8.617788192375883,710.5745135377532,0.18832829750822241
159,13259.765,662.2882813833071,655.7845053900759,13263.303,13441.993999999999,672.6016878940168,666.3499414978018,13472.019,2026-06-09,2.9657759932306362,-23.773253603785633,655.7845053900759,0.45224856166226796
160,13263.303,722.0277303829196,669.5916844850087,13313.81,13472.019,733.1769322781182,679.8457390068806,13510.925,2026-06-10,1.9290458979103278,14.42519327123955,669.5916844850087,0.2880928695215176
161,13313.81,637.4990149949202,697.6334603616914,13246.795,13510.925,647.6674199837053,708.8559243091885,13442.064999999999,2026-06-11,6.880554633229622,7.671495674518155,697.6334603616914,0.9862707315762013
162,13246.795,737.1356043649301,726.9181140184495,13249.234,13442.064999999999,748.000926325615,737.8028842575209,13432.145,2026-06-12,7.7784903464798845,20.11804206809211,726.9181140184495,1.070064178684432
163,13249.234,669.5374909169551,715.7882629341782,13202.508,13432.145,680.239005009727,727.1599968000273,13396.143,2026-06-13,0.47522798277714173,-10.918991790298605,715.7882629341782,0.06639225695446228
164,13202.508,740.8554543043876,744.9462835880081,13191.211,13396.143,752.701892437125,756.4573602492603,13356.54,2026-06-14,7.206170716381166,35.847532187865,744.9462835880081,0.9673409848657669
165,13191.211,736.1196359675813,690.0914997154603,13236.717,13356.54,747.9108806250201,701.2771347084546,13430.059,2026-06-15,0.5221362521206174,-26.8852540834323,690.0914997154603,0.07566188720421937
166,13236.717,776.2094336808542,640.4761008941069,13362.472,13430.059,788.7180048213039,650.9977362748742,13560.678,2026-06-16,9.97833278674807,7.1012685464284,640.4761008941069,1.5579555229021476
167,13362.472,722.3740691977898,665.4413103243033,13418.220000000001,13560.678,733.6753801220525,675.80002809117,13629.549,2026-06-17,1.184758873483588,-10.995647969117272,665.4413103243033,0.17804107666627955
168,13418.220000000001,604.5175011059987,631.981186258661,13382.055,13629.549,614.2187464270276,642.0457714769909,13560.435,2026-06-18,8.701314847337926,41.28697495003871,631.981186258661,1.3768313102562204
169,13382.055,658.7363109694516,755.0716123154465,13283.908,13560.435,669.0395991662022,766.8925108119099,13455.678,2026-06-19,1.8116986540062499,6.9040883542929805,755.0716123154465,0.2399373283880491
170,13283.908,685.7869940322869,693.5564223241934,13273.747,13455.678,697.1637620585593,705.1991516328007,13475.615,2026-06-20,2.3915717080944887,-27.97238957424088,693.5564223241934,0.3448272744818707
171,13273.747,634.2098013004008,758.0991116171028,13144.023000000001,13475.615,644.3833427582952,770.4824330354545,13341.92,2026-06-21,5.834689683297256,7.595909722840588,758.0991116171028,0.769647344771486
172,13144.023000000001,760.7193072920469,738.0724362312926,13162.594000000001,13341.92,772.9043152251007,750.0252920435723,13363.646,2026-06-22,4.075871060755162,1.1530231815286243,738.0724362312926,0.5522318488910336
173,13162.594000000001,636.630935615025,662.543078840396,13132.306,13363.646,646.4577976952469,672.5987443146707,13321.945,2026-06-23,4.375856774629938,15.560053380575482,662.543078840396,0.6604637365299629
174,13132.306,687.575026293308,717.9692546769394,13099.297,13321.945,698.6780046681945,729.539510329664,13304.663,2026-06-24,2.614771616368671,-13.579505661469739,717.9692546769394,0.36418991472625456
175,13099.297,613.1644014129267,729.2496199276528,12977.236,13304.663,623.2163894047695,741.0277626799435,13182.286,2026-06-25,5.975781485274638,4.5656267248268705,729.2496199276528,0.8194425231058031
176,12977.236,694.6848935242966,657.5828629216148,13005.738,13182.286,706.5640132657643,668.595981011993,13212.66,2026-06-26,8.600030602681727,7.594032253771729,657.5828629216148,1.3078246237245492
177,13005.738,757.252556121886,700.4348090441378,13060.749,13212.66,769.6545128828064,711.9957223608214,13266.05,2026-06-27,1.8067470777477865,4.268790521984556,700.4348090441378,0.2579465004335521
178,13060.749,668.268781135343,667.4031008008851,13057.036,13266.05,678.7739320523458,677.9299177503316,13233.748,2026-06-28,4.578680334456294,33.14601430201401,667.4031008008851,0.6860442106070331
179,13057.036,716.5062676294544,676.4239832464305,13092.448,13233.748,728.1862907235545,687.4210467412972,13278.989,2026-06-29,4.670284383024409,-4.475756017742242,676.4239832464305,0.6904374325419153
